timestamp,open,high,low,close,volume
1618876800000,30.58,34.45,28.73,32.36,43.9
1618963200000,32.32,36.23,30.18,34.94,107.72
1619049600000,33.86,41.46,31.43,38.79,105.57
1619136000000,39.38,41.55,31.58,37.28,297.8
1619222400000,37.5,43.72,34.7,40.82,68.55
1619308800000,41.37,48.41,40.52,47.56,124.63
1619395200000,47.92,48.59,43.42,43.85,289.51
1619481600000,43.75,46.62,42.55,43.29,118.65
1619568000000,43.31,47.03,40.66,44.96,642.6
1619654400000,44.94,46.19,41.07,42.63,3716.04
1619740800000,42.82,44.52,41.53,43.49,3224.45
1619827200000,43.2,50.2,42.55,49.93,2260.08
1619913600000,50.35,50.45,46.29,47.13,3092.12
1620000000000,46.87,49.34,44.82,46.11,7459.54
1620086400000,45.97,47.78,42.32,42.74,8446.3
1620172800000,42.6,46.0,42.31,44.95,8754.46
1620259200000,45.0,45.0,42.6,43.43,5736.69
1620345600000,43.41,46.19,41.39,43.15,12983.24
1620432000000,43.2,46.5,42.27,45.71,4995.7
1620518400000,45.83,46.9,42.95,44.37,3092.27
1620604800000,44.4,45.91,39.33,42.97,4772.79
1620691200000,42.94,45.09,39.72,44.7,5289.89
1620777600000,44.73,49.16,42.41,43.22,16790.99
1620864000000,43.22,45.36,37.5,41.14,11802.46
1620950400000,41.14,44.86,40.22,42.74,5693.15
1621036800000,42.75,45.45,39.4,43.42,3497.99
1621123200000,43.18,52.49,41.99,46.3,15268.49
1621209600000,46.37,51.8,43.15,47.37,10304.1
1621296000000,46.37,58.36,46.13,56.35,13185.44
1621382400000,56.2,57.52,30.73,35.18,28426.64
1621468800000,35.13,56.11,32.56,44.12,16377.87
1621555200000,44.8,47.53,33.8,38.86,11505.98
1621641600000,38.86,39.88,31.2,31.24,11649.03
1621728000000,31.23,32.32,19.34,24.31,22231.72
1621814400000,24.95,32.12,24.66,31.35,16555.3
1621900800000,31.35,33.04,26.0,30.06,11322.77
1621987200000,30.19,37.22,28.95,35.68,11666.11
1622073600000,35.3,35.38,31.12,33.66,9432.58
1622160000000,33.67,34.46,27.95,28.99,9337.4
1622246400000,28.99,30.03,25.76,27.37,3107.93
1622332800000,27.37,29.73,25.64,28.54,4441.6
1622419200000,28.53,33.05,27.54,32.71,5007.57
1622505600000,32.71,33.29,29.89,31.0,5458.41
1622592000000,30.98,34.96,30.45,34.03,4719.54
1622678400000,34.03,41.35,33.76,39.64,6501.7
1622764800000,39.64,39.76,34.32,37.42,5083.26
1622851200000,37.44,42.7,37.13,39.57,10712.65
1622937600000,39.57,43.39,38.98,42.16,2654.13
1623024000000,42.16,44.11,37.99,38.31,6293.09
1623110400000,38.3,42.5,33.66,41.1,15277.85
1623196800000,41.08,43.96,39.33,42.03,6976.57
1623283200000,42.03,43.07,39.55,41.16,3620.6
1623369600000,41.16,41.24,35.2,36.08,2450.44
1623456000000,36.08,37.55,34.28,36.56,2030.08
1623542400000,36.57,39.34,34.74,38.66,4009.13
1623628800000,38.66,40.5,36.72,39.62,3439.84
1623715200000,39.62,41.68,39.2,39.6,1613.29
1623801600000,39.6,41.56,37.53,39.58,2170.41
1623888000000,39.66,41.29,38.22,39.19,2017.36
1623974400000,39.19,39.48,34.91,36.86,2131.21
1624060800000,36.72,37.33,34.94,35.27,1725.98
1624147200000,35.27,35.97,31.27,35.24,5741.41
1624233600000,35.2,35.53,25.9,26.69,10158.1
1624320000000,26.68,28.77,20.17,26.85,11755.68
1624406400000,26.85,32.96,25.69,30.74,4618.19
1624492800000,30.74,32.96,28.45,31.24,3157.42
1624579200000,31.12,32.96,27.98,28.67,3996.47
1624665600000,28.67,30.14,26.69,29.62,5376.02
1624752000000,29.62,32.0,29.15,31.81,2379.93
1624838400000,31.81,34.35,31.01,32.99,7109.84
1624924800000,32.99,35.87,32.69,34.0,4793.04
1625011200000,34.0,35.98,31.59,35.53,9679.44
1625097600000,35.59,35.6,32.21,33.3,13054.33
1625184000000,33.26,34.13,31.38,34.01,4711.72
1625270400000,33.97,35.41,33.27,34.49,4869.99
1625356800000,34.49,35.52,33.54,34.32,4213.76
1625443200000,34.32,34.47,32.46,32.93,6104.34
1625529600000,32.93,35.07,32.92,34.24,13753.64
1625616000000,34.24,38.15,33.82,36.66,15902.16
1625702400000,36.64,36.97,32.65,33.16,12944.1
1625788800000,33.13,34.42,31.98,33.35,12373.0
1625875200000,33.35,34.19,31.08,31.73,9595.17
1625961600000,31.73,32.55,31.4,32.17,5074.8
1626048000000,32.17,32.68,30.01,30.79,7067.45
1626134400000,30.78,31.09,28.83,29.14,8427.75
1626220800000,29.14,31.5,27.4,31.38,5959.42
1626307200000,31.33,31.5,27.89,28.53,11155.33
1626393600000,28.53,29.49,26.19,26.29,5182.61
1626480000000,26.28,27.82,25.98,26.79,10949.57
1626566400000,26.79,27.78,26.26,26.68,5430.67
1626652800000,26.68,26.7,24.0,24.53,12536.43
1626739200000,24.53,24.98,22.14,23.52,7477.06
1626825600000,23.55,27.45,22.83,26.7,19824.02
1626912000000,26.71,28.2,25.91,27.71,9612.69
1626998400000,27.71,28.72,26.37,28.47,17407.78
1627084800000,28.49,29.51,28.05,28.63,17156.49
1627171200000,28.65,28.87,26.55,28.21,6464.03
1627257600000,28.21,31.1,27.85,28.21,27137.38
1627344000000,28.21,28.97,26.89,28.16,16048.32
1627430400000,28.12,28.78,27.34,27.85,9011.93
1627516800000,27.85,31.91,27.34,31.24,19258.31
1627603200000,31.27,33.06,29.86,32.38,20013.76
1627689600000,32.39,37.0,31.64,36.67,19606.86
1627776000000,36.71,36.82,33.22,34.15,13216.91
1627862400000,34.16,35.94,33.03,33.21,13745.47
1627948800000,33.21,35.82,32.35,34.13,16389.2
1628035200000,34.15,36.67,33.23,35.78,12460.62
1628121600000,35.78,38.25,35.47,37.39,20983.82
1628208000000,37.39,40.4,35.66,39.49,21133.95
1628294400000,39.48,40.52,37.51,39.44,8580.48
1628380800000,39.46,39.58,36.89,37.68,5703.78
1628467200000,37.68,40.0,36.37,38.65,10485.12
1628553600000,38.68,41.69,38.22,40.64,11860.13
1628640000000,40.69,43.74,40.59,41.66,7658.17
1628726400000,41.65,43.43,39.32,41.07,16244.07
1628812800000,41.07,44.92,40.65,44.87,7006.74
1628899200000,44.84,44.89,42.74,44.11,4825.78
1628985600000,44.12,54.72,43.36,53.51,29877.74
1629072000000,53.51,69.29,52.3,62.1,77594.59
1629158400000,62.11,75.12,58.73,64.23,124307.42
1629244800000,64.21,80.42,59.77,72.68,115940.34
1629331200000,72.65,75.35,68.38,72.84,68191.65
1629417600000,72.84,80.0,70.94,78.7,12720.71
1629504000000,78.63,81.97,72.58,73.85,21180.01
1629590400000,73.9,77.58,71.24,72.76,8952.53
1629676800000,72.79,76.74,71.6,75.61,7335.38
1629763200000,75.58,79.36,68.6,70.56,19437.84
1629849600000,70.51,72.8,66.13,71.94,16348.09
1629936000000,71.94,78.32,66.2,74.92,71795.14
1630022400000,74.85,88.87,72.51,87.98,75786.19
1630108800000,87.99,97.79,85.58,96.13,66986.83
1630195200000,96.16,97.79,90.42,94.21,22292.44
1630281600000,94.17,116.39,93.65,110.32,57182.39
1630368000000,110.2,130.1,103.07,108.3,234394.38
1630454400000,108.31,119.66,106.0,110.76,91927.46
1630540800000,110.8,131.88,109.16,128.38,157424.14
1630627200000,128.27,148.97,128.2,146.33,325038.07
1630713600000,146.28,150.68,135.76,138.98,178890.3
1630800000000,139.04,144.92,134.92,142.07,136117.59
1630886400000,142.04,166.08,136.84,164.36,174440.77
1630972800000,164.19,195.34,132.07,173.51,955473.68
1631059200000,173.46,198.0,145.9,190.88,1028527.24
1631145600000,191.07,216.0,180.77,187.71,375254.97
1631232000000,188.01,197.32,168.0,179.44,191155.8
1631318400000,179.64,193.43,175.28,179.1,105778.59
1631404800000,179.16,181.61,170.12,174.37,44435.47
1631491200000,174.2,175.0,150.36,169.63,130179.44
1631577600000,169.55,171.81,142.53,158.66,101377.34
1631664000000,158.84,166.39,153.88,158.71,50979.85
1631750400000,158.75,163.16,147.49,152.32,51332.51
1631836800000,152.14,153.67,134.0,147.44,77904.15
1631923200000,147.61,171.43,144.22,169.36,96320.81
1632009600000,169.34,170.95,150.54,152.82,55215.69
1632096000000,152.91,153.5,129.79,132.79,158060.6
1632182400000,132.72,144.53,115.8,124.13,142312.61
1632268800000,124.19,151.62,122.18,148.08,109886.35
1632355200000,148.07,152.4,143.01,149.96,60610.2
1632441600000,149.96,151.27,128.16,139.14,84269.14
1632528000000,139.1,144.12,133.57,136.02,55525.55
1632614400000,136.02,140.82,124.72,135.65,93662.6
1632700800000,135.7,148.95,133.75,136.31,81513.02
1632787200000,136.31,139.41,128.11,132.32,66609.25
1632873600000,132.26,140.14,131.06,135.25,61664.99
1632960000000,135.25,143.0,134.03,141.37,54965.14
1633046400000,141.38,165.0,138.18,161.54,109931.78
1633132800000,161.54,174.98,156.16,168.93,110910.05
1633219200000,169.0,177.78,165.57,172.88,105078.04
1633305600000,172.88,173.07,162.1,167.14,66175.39
1633392000000,167.24,170.19,159.89,164.44,40689.56
1633478400000,164.59,166.0,143.74,153.74,63086.64
1633564800000,153.77,161.53,150.3,154.13,66787.41
1633651200000,154.18,169.0,152.43,158.76,64581.14
1633737600000,158.76,161.5,154.1,156.85,40601.72
1633824000000,156.85,158.46,145.6,147.58,42369.3
1633910400000,147.61,154.05,140.25,144.78,51775.28
1633996800000,144.75,153.46,137.67,152.38,46270.0
1634083200000,152.29,155.53,144.21,148.11,49155.76
1634169600000,148.12,155.68,147.32,149.96,33738.62
1634256000000,149.96,165.41,146.79,163.2,62045.04
1634342400000,163.21,164.86,156.47,157.67,50993.11
1634428800000,157.66,167.54,153.27,160.25,66727.39
1634515200000,160.19,162.95,154.95,157.09,35551.72
1634601600000,157.09,159.45,153.13,155.89,13764.85
1634688000000,155.89,176.94,155.17,176.85,41502.71
1634774400000,176.7,194.17,176.7,190.39,115691.54
1634860800000,190.45,215.17,187.92,196.28,95366.55
1634947200000,196.39,205.81,192.09,197.6,53085.22
1635033600000,197.83,204.96,185.24,202.27,49402.42
1635120000000,202.25,218.88,198.05,209.78,63558.74
1635206400000,209.8,214.24,196.21,199.7,44221.22
1635292800000,199.84,205.53,175.11,184.35,102012.81
1635379200000,184.46,201.41,181.63,195.26,68300.17
1635465600000,195.3,205.25,194.52,200.32,40767.35
1635552000000,200.47,200.68,187.37,195.73,31277.26
1635638400000,195.68,205.14,185.33,202.44,66334.89
1635724800000,202.58,211.6,197.74,203.97,70317.74
1635811200000,204.05,222.24,201.03,220.85,61117.84
1635897600000,220.78,246.34,215.82,243.37,138735.71
1635984000000,243.39,250.46,234.31,246.95,149520.48
1636070400000,246.95,248.3,230.58,236.12,79549.59
1636156800000,236.12,259.89,234.7,258.43,191856.95
1636243200000,258.38,258.61,245.67,249.47,84507.68
1636329600000,249.55,253.38,240.69,248.36,61524.43
1636416000000,248.14,253.16,237.48,239.0,86776.19
1636502400000,238.98,248.03,217.28,233.16,88168.58
1636588800000,233.04,246.48,229.41,233.51,63276.35
1636675200000,233.46,239.05,220.89,228.51,123165.37
1636761600000,228.55,241.95,224.85,241.67,45320.7
1636848000000,241.54,241.9,230.3,238.6,23095.66
1636934400000,238.58,246.36,234.56,238.07,60459.47
1637020800000,238.05,238.22,214.0,219.07,106324.05
1637107200000,219.16,222.4,209.7,218.98,106996.53
1637193600000,218.84,222.79,186.58,195.06,113000.79
1637280000000,195.23,219.48,189.23,215.14,100381.78
1637366400000,215.34,221.2,205.95,217.68,60591.39
1637452800000,217.66,235.41,210.52,230.23,77950.85
1637539200000,230.48,231.92,211.58,215.72,78180.52
1637625600000,215.67,226.06,210.9,221.86,65731.99
1637712000000,221.93,222.44,200.21,205.68,70794.64
1637798400000,205.64,216.28,201.91,210.01,73240.72
1637884800000,210.04,210.57,182.84,192.34,98241.02
1637971200000,192.31,199.32,190.59,192.67,28520.2
1638057600000,192.81,201.98,180.86,200.66,69454.24
1638144000000,200.66,212.72,199.67,204.02,54777.72
1638230400000,204.16,218.2,199.6,208.48,44866.8
1638316800000,208.48,232.46,207.81,229.77,64526.8
1638403200000,229.77,243.1,220.0,233.69,87773.39
1638489600000,233.68,239.34,204.57,211.62,152148.67
1638576000000,211.61,212.63,167.5,200.85,223460.16
1638662400000,200.76,204.55,181.48,196.24,86924.52
1638748800000,196.5,197.58,176.17,193.54,241100.17
1638835200000,193.47,204.03,187.82,190.31,130056.48
1638921600000,190.27,196.24,183.6,194.56,158997.67
1639008000000,194.55,196.61,178.64,181.18,271739.64
1639094400000,181.09,184.58,167.11,167.43,194291.19
1639180800000,167.37,173.77,161.29,172.1,239519.81
1639267200000,172.11,176.84,167.66,172.93,52734.38
1639353600000,172.91,172.93,148.0,155.12,108970.83
1639440000000,155.24,163.32,149.58,161.25,163942.02
1639526400000,161.24,182.57,156.85,178.5,268945.86
1639612800000,178.53,188.99,174.38,177.01,123621.62
1639699200000,176.94,182.48,168.05,175.64,206312.16
1639785600000,175.59,184.3,171.0,182.81,124497.23
1639872000000,182.84,189.3,178.29,180.0,138847.88
1639958400000,180.04,181.19,168.45,173.98,169082.29
1640044800000,173.98,182.48,170.24,179.77,80309.98
1640131200000,179.67,187.54,177.05,178.42,87196.18
1640217600000,178.39,193.56,175.63,190.12,79762.49
1640304000000,190.22,197.51,184.22,190.37,125902.59
1640390400000,190.37,195.16,189.22,193.05,52158.98
1640476800000,192.95,200.55,190.18,197.87,89022.19
1640563200000,197.95,204.85,194.71,195.72,72362.85
1640649600000,195.72,195.72,176.26,177.25,188629.98
1640736000000,177.31,180.63,170.13,170.68,395642.34
1640822400000,170.61,175.71,168.18,172.47,223778.55
1640908800000,172.47,177.64,167.68,169.96,153374.55
1640995200000,170.04,179.22,169.94,179.1,120212.95
1641081600000,179.02,179.59,174.24,176.38,58567.74
1641168000000,176.4,176.47,166.69,170.11,75308.48
1641254400000,170.16,173.91,166.48,167.82,141453.03
1641340800000,167.83,171.36,144.74,154.53,129143.11
1641427200000,154.52,154.77,146.16,150.27,155040.42
1641513600000,150.29,150.77,133.25,136.49,195686.76
1641600000000,136.49,148.12,132.98,142.17,227153.83
1641686400000,142.2,145.73,137.83,140.82,208325.8
1641772800000,140.85,143.82,129.99,135.82,178503.25
1641859200000,135.82,143.5,133.57,140.13,139758.24
1641945600000,140.12,153.34,138.2,151.45,220493.39
1642032000000,151.52,157.84,145.46,146.21,237212.27
1642118400000,146.11,150.59,141.93,146.09,302050.94
1642204800000,146.2,149.52,143.94,147.65,182673.58
1642291200000,147.69,151.97,146.08,147.96,167907.03
1642377600000,147.96,148.3,137.03,139.73,261617.61
1642464000000,139.83,142.72,134.35,141.24,249885.51
1642550400000,141.27,142.68,132.81,135.26,201091.16
1642636800000,135.26,143.83,126.0,127.54,187835.51
1642723200000,127.61,128.71,106.16,112.23,374923.88
1642809600000,112.2,114.14,87.82,94.59,395947.93
1642896000000,94.56,104.75,93.25,99.75,236879.72
1642982400000,99.85,99.89,80.84,91.94,368992.29
1643068800000,91.92,99.97,87.47,94.59,221579.07
1643155200000,94.69,104.5,89.21,92.13,263452.29
1643241600000,92.13,94.66,85.65,89.51,229315.0
1643328000000,89.5,93.57,87.22,91.34,192209.09
1643414400000,91.34,98.95,90.51,96.15,141759.92
1643500800000,96.22,97.67,91.43,93.28,135625.44
1643587200000,93.31,101.39,89.22,99.48,171823.01
1643673600000,99.53,113.76,99.03,110.06,214508.46
1643760000000,110.01,112.41,96.97,101.87,217148.29
1643846400000,101.9,103.14,93.97,101.96,216929.26
1643932800000,101.96,112.85,100.28,112.59,221190.21
1644019200000,112.59,118.64,110.24,113.76,172048.1
1644105600000,113.79,116.07,111.44,115.26,126345.98
1644192000000,115.26,121.92,112.71,117.58,192396.3
1644278400000,117.54,120.34,109.64,113.42,192062.56
1644364800000,113.48,117.12,109.36,114.0,171028.35
1644451200000,113.93,114.9,105.69,106.16,215455.15
1644537600000,106.13,108.13,95.12,96.52,197906.81
1644624000000,96.47,99.82,92.8,95.99,138916.75
1644710400000,95.98,97.4,91.38,92.83,98227.27
1644796800000,92.87,97.98,90.79,96.41,113298.54
1644883200000,96.37,105.89,96.37,105.53,119619.24
1644969600000,105.55,105.62,98.22,101.86,136359.01
1645056000000,101.9,102.81,92.29,93.55,137001.23
1645142400000,93.59,96.39,89.35,89.88,120666.82
1645228800000,89.9,92.74,88.63,91.31,88825.31
1645315200000,91.3,94.0,85.54,90.67,160837.51
1645401600000,90.68,96.17,82.69,82.97,181266.0
1645488000000,83.0,87.65,81.07,86.4,160881.68
1645574400000,86.37,93.38,84.37,84.62,186538.81
1645660800000,84.61,93.84,75.31,89.31,368451.75
1645747200000,89.33,95.08,86.82,92.74,189611.18
1645833600000,92.78,95.17,89.24,90.21,98452.24
1645920000000,90.25,92.23,84.07,85.62,113478.39
1646006400000,85.58,102.74,84.18,99.74,149133.41
1646092800000,99.74,102.01,94.26,98.67,130199.29
1646179200000,98.67,106.49,96.75,100.74,142055.75
1646265600000,100.75,101.73,94.03,95.69,113911.07
1646352000000,95.67,95.95,86.94,88.32,129858.85
1646438400000,88.27,91.23,85.94,89.59,84714.4
1646524800000,89.61,89.97,84.1,84.6,95339.3
1646611200000,84.58,86.69,79.9,81.65,149209.75
1646697600000,81.65,85.06,81.31,82.27,140097.59
1646784000000,82.27,89.92,81.93,88.11,142100.46
1646870400000,88.1,88.61,80.71,82.91,133971.39
1646956800000,82.91,84.31,80.06,80.71,120331.3
1647043200000,80.71,82.74,80.58,81.43,54504.73
1647129600000,81.46,83.43,77.69,78.75,58307.19
1647216000000,78.69,82.3,77.98,81.24,81045.47
1647302400000,81.22,86.01,78.72,82.87,84235.74
1647388800000,82.87,88.0,81.56,87.77,113533.1
1647475200000,87.76,91.02,86.56,87.85,84310.26
1647561600000,87.87,92.31,84.4,89.8,77067.59
1647648000000,89.83,94.6,89.24,92.39,72358.98
1647734400000,92.37,92.58,87.87,88.59,61893.87
1647820800000,88.64,91.27,86.72,88.57,73854.95
1647907200000,88.57,93.96,87.98,90.43,93099.22
1647993600000,90.47,96.3,89.19,94.83,89560.63
1648080000000,94.83,103.72,93.37,102.28,142982.17
1648166400000,102.28,104.87,97.08,98.61,233917.92
1648252800000,98.57,103.37,97.62,101.73,202012.57
1648339200000,101.7,107.52,98.78,107.04,162010.66
1648425600000,107.0,113.89,105.22,105.76,240826.3
1648512000000,105.81,115.7,105.49,111.65,143473.62
1648598400000,111.59,125.23,107.1,120.83,190299.03
1648684800000,120.77,129.6,119.95,122.74,218998.15
1648771200000,122.76,138.46,117.35,134.45,258209.65
1648857600000,134.49,143.51,131.46,132.54,288481.79
1648944000000,132.54,141.05,130.58,136.84,117492.27
1649030400000,136.84,138.28,125.77,132.15,317719.82
1649116800000,132.15,136.65,126.05,126.86,253713.28
1649203200000,126.88,127.39,112.16,112.93,223368.73
1649289600000,112.93,120.01,110.89,118.49,177428.63
1649376000000,118.5,122.45,108.06,109.96,180126.05
1649462400000,109.91,113.73,108.31,113.0,111110.27
1649548800000,113.02,116.08,109.72,111.07,92195.93
1649635200000,111.03,118.0,98.06,99.63,150874.94
1649721600000,99.7,109.34,98.32,103.26,235096.14
1649808000000,103.26,106.06,100.08,104.92,136036.74
1649894400000,104.92,107.74,98.79,100.74,135403.29
1649980800000,100.74,102.92,99.54,101.34,81977.06
1650067200000,101.38,103.52,100.75,102.11,52371.66
1650153600000,102.08,105.47,99.67,100.13,60444.26
1650240000000,100.16,102.69,94.64,102.38,104404.58
1650326400000,102.39,108.81,101.06,108.5,117718.4
1650412800000,108.54,110.94,104.23,105.6,114952.38
1650499200000,105.55,110.01,99.9,101.79,120515.98
1650585600000,101.76,103.55,99.2,100.57,86793.52
1650672000000,100.56,102.91,98.32,100.63,70362.61
1650758400000,100.64,102.28,98.54,99.2,53755.67
1650844800000,99.19,101.62,94.46,101.01,105200.51
1650931200000,101.01,102.05,94.6,95.73,90842.12
1651017600000,95.69,100.78,94.89,98.36,139689.48
1651104000000,98.36,100.6,96.0,98.23,117678.26
1651190400000,98.24,98.7,92.37,93.98,105836.82
1651276800000,93.98,95.01,81.81,84.75,92221.76
1651363200000,84.73,93.24,84.04,89.83,111693.37
1651449600000,89.81,91.0,85.12,87.54,108729.95
1651536000000,87.54,88.85,84.67,85.85,96792.78
1651622400000,85.86,93.11,85.48,92.75,127023.71
1651708800000,92.76,95.26,81.29,84.57,148608.96
1651795200000,84.52,84.84,79.92,81.71,129425.47
1651881600000,81.71,82.34,77.09,78.85,101675.85
1651968000000,78.85,79.42,73.69,75.41,193990.02
1652054400000,75.42,77.23,61.68,62.16,257612.74
1652140800000,62.14,81.1,60.11,66.91,263134.24
1652227200000,66.85,68.55,43.63,51.34,329597.76
1652313600000,51.32,54.69,37.61,44.98,341007.18
1652400000000,44.9,56.44,44.03,48.97,244716.95
1652486400000,48.98,53.92,45.9,52.46,127542.75
1652572800000,52.42,59.32,49.63,58.79,92822.44
1652659200000,58.74,58.75,51.87,53.8,88596.84
1652745600000,53.81,58.26,53.07,57.07,83153.72
1652832000000,57.07,57.88,49.4,49.92,78046.42
1652918400000,49.92,54.12,48.1,52.16,86155.77
1653004800000,52.18,53.66,47.8,49.49,101112.69
1653091200000,49.47,51.26,48.43,50.31,55875.51
1653177600000,50.29,53.2,49.69,52.49,54533.94
1653264000000,52.44,54.69,48.64,49.17,95424.8
1653350400000,49.18,50.83,47.12,49.69,100484.42
1653436800000,49.69,50.58,47.57,48.0,80405.64
1653523200000,47.99,48.68,41.7,43.48,175351.98
1653609600000,43.46,43.96,39.98,41.16,184170.52
1653696000000,41.18,45.12,40.33,44.24,86304.56
1653782400000,44.27,45.69,41.82,44.96,78091.9
1653868800000,44.96,48.42,44.26,47.25,104210.69
1653955200000,47.23,48.22,44.57,45.77,77109.74
1654041600000,45.79,46.13,39.56,40.14,103001.46
1654128000000,40.12,41.71,38.14,40.97,111576.55
1654214400000,40.97,41.61,37.72,38.35,90625.74
1654300800000,38.35,39.53,35.81,39.01,100881.05
1654387200000,38.99,40.22,37.87,38.52,121057.39
1654473600000,38.51,44.88,38.34,42.41,190979.47
1654560000000,42.4,42.74,37.14,39.34,148512.51
1654646400000,39.34,40.94,38.3,38.83,103248.94
1654732800000,38.84,41.94,38.44,39.98,76567.33
1654819200000,39.96,40.91,36.75,37.16,99354.99
1654905600000,37.17,37.94,33.19,33.94,113737.82
1654992000000,33.95,34.52,30.58,30.62,173284.53
1655078400000,30.6,31.12,26.05,28.59,446452.13
1655164800000,28.58,32.27,25.84,29.6,313146.74
1655251200000,29.58,34.88,26.79,34.69,294476.25
1655337600000,34.71,36.04,29.56,30.13,201082.13
1655424000000,30.09,32.13,29.26,30.72,138162.35
1655510400000,30.73,32.05,27.15,31.98,196960.63
1655596800000,31.98,35.38,28.7,34.21,219147.62
1655683200000,34.18,36.88,31.72,35.25,191634.32
1655769600000,35.22,39.23,34.21,36.43,168339.64
1655856000000,36.45,36.88,33.64,34.13,120274.95
1655942400000,34.15,38.66,33.92,38.13,86938.01
1656028800000,38.13,42.91,37.69,41.91,87504.13
1656115200000,41.89,42.66,39.76,42.2,47765.4
1656201600000,42.18,42.5,39.16,39.4,46371.28
1656288000000,39.42,41.25,37.91,38.51,44332.45
1656374400000,38.54,39.9,35.06,35.36,61689.53
1656460800000,35.36,36.12,33.1,34.0,58936.34
1656547200000,34.05,34.21,30.88,33.72,68307.13
1656633600000,33.79,35.4,31.83,32.86,63647.63
1656720000000,32.83,34.12,31.88,33.37,33593.07
1656806400000,33.37,33.76,32.15,33.4,26950.08
1656892800000,33.41,36.92,32.45,36.69,37695.72
1656979200000,36.69,37.01,33.13,35.41,59225.04
1657065600000,35.39,37.64,34.78,37.03,67502.98
1657152000000,37.03,39.27,36.41,38.46,43323.12
1657238400000,38.5,39.75,36.45,38.14,32247.06
1657324800000,38.16,38.9,37.77,38.09,14294.28
1657411200000,38.07,38.1,36.29,36.7,11837.45
1657497600000,36.71,71.48,33.27,33.43,21639.34
1657584000000,33.44,34.63,32.6,32.69,34024.91
1657670400000,32.67,35.04,31.81,34.95,67081.33
1657756800000,34.93,37.32,33.57,37.13,51374.47
1657843200000,37.13,39.07,36.48,37.39,63892.46
1657929600000,37.38,40.4,36.37,39.59,46228.98
1658016000000,39.58,41.08,38.3,38.63,38690.02
1658102400000,38.63,44.04,38.56,43.51,63987.7
1658188800000,43.56,47.35,42.56,44.87,96636.16
1658275200000,44.87,46.32,41.31,42.04,66889.64
1658361600000,42.05,44.07,39.62,43.1,80015.08
1658448000000,43.09,44.33,40.05,40.52,51634.41
1658534400000,40.55,41.93,38.62,39.97,39514.92
1658620800000,39.94,42.13,39.49,40.94,26382.11
1658707200000,40.92,41.1,36.57,36.65,71808.04
1658793600000,36.68,36.82,34.67,36.25,75415.15
1658880000000,36.25,40.6,35.68,40.22,78725.45
1658966400000,40.22,44.17,39.03,42.9,85977.31
1659052800000,42.92,44.43,41.14,41.92,87353.38
1659139200000,41.92,46.66,41.42,43.86,75537.04
1659225600000,43.86,45.17,42.23,42.39,50929.57
1659312000000,42.35,43.23,40.58,41.63,44188.62
1659398400000,41.65,42.46,39.46,39.8,65168.67
1659484800000,39.78,41.0,37.44,38.55,112289.49
1659571200000,38.55,39.83,37.98,38.83,52086.85
1659657600000,38.83,41.33,38.71,40.57,50916.93
1659744000000,40.54,40.92,39.88,40.09,19897.65
1659830400000,40.09,41.58,39.17,40.63,23863.62
1659916800000,40.62,43.7,40.56,42.21,41343.63
1660003200000,42.19,42.75,39.66,40.34,58729.64
1660089600000,40.34,42.89,39.15,42.47,82959.64
1660176000000,42.46,45.34,42.35,42.78,91741.26
1660262400000,42.78,45.48,42.14,45.48,64776.96
1660348800000,45.46,48.38,45.27,46.59,82603.54
1660435200000,46.62,48.08,44.5,44.86,47595.16
1660521600000,44.86,47.27,42.69,43.74,50010.67
1660608000000,43.72,44.31,42.54,43.08,52150.09
1660694400000,43.08,44.75,40.17,40.5,69327.35
1660780800000,40.52,41.65,39.26,39.54,73992.5
1660867200000,39.53,39.58,35.06,35.81,121846.76
1660953600000,35.83,37.28,34.2,35.26,97921.06
1661040000000,35.27,37.1,34.48,36.47,55245.25
1661126400000,36.49,36.56,33.73,35.43,108081.11
1661212800000,35.41,36.13,34.24,35.68,50002.84
1661299200000,35.69,36.41,34.31,34.9,74319.82
1661385600000,34.9,36.48,34.86,35.27,110299.05
1661472000000,35.27,35.8,31.34,31.74,110392.57
1661558400000,31.72,39.65,30.85,31.54,80093.2
1661644800000,31.54,32.23,30.21,30.43,60969.3
1661731200000,30.44,32.64,29.98,32.43,83774.78
1661817600000,32.42,33.17,30.62,31.47,85797.41
1661904000000,31.48,32.98,31.17,31.48,57745.77
1661990400000,31.5,31.8,30.42,31.64,69349.7
1662076800000,31.61,32.39,30.75,31.24,84774.44
1662163200000,31.23,31.29,30.8,31.11,43497.72
1662249600000,31.11,32.21,31.02,32.15,66458.81
1662336000000,32.15,32.56,31.15,32.17,63257.06
1662422400000,32.17,35.65,30.45,30.9,109885.44
1662508800000,30.88,32.95,30.3,32.69,68750.08
1662595200000,32.71,34.0,31.99,33.61,88616.68
1662681600000,33.61,35.98,33.58,34.67,120200.56
1662768000000,34.67,35.42,34.25,35.04,80863.33
1662854400000,35.04,36.01,34.06,34.99,71484.86
1662940800000,34.99,38.4,34.39,37.44,129989.35
1663027200000,37.43,38.95,32.92,32.99,158837.27
1663113600000,33.0,34.34,32.67,34.11,98674.51
1663200000000,34.11,34.89,32.46,33.08,71413.3
1663286400000,33.08,33.26,31.5,32.25,53045.58
1663372800000,32.25,33.89,32.22,33.7,33850.48
1663459200000,33.7,34.0,30.82,31.12,53774.86
1663545600000,31.12,33.08,30.5,32.64,113588.67
1663632000000,32.64,32.88,31.31,31.43,66584.57
1663718400000,31.43,33.47,29.99,30.64,151842.3
1663804800000,30.63,32.89,30.58,32.41,63756.09
1663891200000,32.44,33.98,31.22,33.68,61382.18
1663977600000,33.69,34.83,33.14,33.4,66007.93
1664064000000,33.4,34.06,31.86,32.33,48402.55
1664150400000,32.33,33.96,31.87,33.89,56622.04
1664236800000,33.88,35.42,32.08,32.69,87427.28
1664323200000,32.7,33.81,31.63,33.24,62277.69
1664409600000,33.25,34.42,32.62,33.93,58871.72
1664496000000,33.94,35.21,32.64,33.24,73597.79
1664582400000,33.24,33.24,32.35,32.44,37562.59
1664668800000,32.43,33.01,31.87,32.07,28292.34
1664755200000,32.07,33.26,31.73,32.91,36266.94
1664841600000,32.91,34.4,32.83,34.1,52088.61
1664928000000,34.1,34.38,33.18,34.05,34133.73
1665014400000,34.05,34.5,33.22,33.36,135141.3
1665100800000,33.35,33.77,32.42,32.99,155767.17
1665187200000,32.99,33.08,32.35,32.58,99263.95
1665273600000,32.57,33.13,32.44,32.92,97246.59
1665360000000,32.92,33.47,31.87,31.96,115061.65
1665446400000,31.95,31.96,30.42,30.8,120328.72
1665532800000,30.79,31.54,30.67,31.15,101695.49
1665619200000,31.15,31.2,27.87,30.5,242083.16
1665705600000,30.48,31.98,29.63,30.0,139733.34
1665792000000,29.99,30.2,29.43,29.6,113573.84
1665878400000,29.6,30.54,29.57,30.16,121646.4
1665964800000,30.16,31.3,29.84,31.22,178703.72
1666051200000,31.22,31.49,29.73,30.14,175149.97
1666137600000,30.14,30.28,28.6,28.85,167051.76
1666224000000,28.85,29.48,27.97,28.0,201532.69
1666310400000,28.01,28.28,26.83,28.1,248147.47
1666396800000,28.1,28.23,27.48,28.01,151213.31
1666483200000,28.01,29.48,27.72,29.27,209655.31
1666569600000,29.27,29.51,28.16,28.3,168146.65
1666656000000,28.3,32.31,28.05,30.87,313067.8
1666742400000,30.87,32.18,30.58,31.29,264647.5
1666828800000,31.28,32.37,30.43,30.59,268546.0
1666915200000,30.59,32.56,30.11,32.07,224890.94
1667001600000,32.07,33.84,31.85,32.87,278046.25
1667088000000,32.87,33.54,31.93,32.94,163852.02
1667174400000,32.94,34.4,32.21,32.58,199731.4
1667260800000,32.58,36.33,31.13,32.21,73925.62
1667347200000,32.21,32.98,30.24,30.81,192729.18
1667433600000,30.81,32.24,30.61,30.85,125727.99
1667520000000,30.85,34.21,30.66,33.74,181856.42
1667606400000,33.74,38.78,33.66,36.89,239099.26
1667692800000,36.88,37.07,32.3,32.61,189057.94
1667779200000,32.61,33.12,28.05,29.61,420483.29
1667865600000,29.62,31.79,19.5,24.51,1443030.33
1667952000000,24.49,24.51,10.03,14.26,1590401.02
1668038400000,14.26,18.99,12.2,17.72,642952.52
1668124800000,17.72,18.34,15.03,16.47,412377.52
1668211200000,16.48,16.55,14.49,14.58,230208.11
1668297600000,14.58,14.76,13.03,13.19,267865.33
1668384000000,13.19,14.99,12.11,14.05,223937.42
1668470400000,14.01,15.13,13.85,14.37,72287.37
1668556800000,14.36,14.67,13.65,14.31,59138.66
1668643200000,14.3,14.58,12.92,13.64,87341.31
1668729600000,13.65,13.88,13.01,13.28,49689.76
1668816000000,13.28,13.28,12.61,12.86,40638.24
1668902400000,12.89,13.58,12.14,12.28,81864.51
1668988800000,12.28,12.3,11.3,11.84,124061.37
1669075200000,11.84,12.53,10.95,12.47,102366.32
1669161600000,12.47,14.53,12.44,14.38,83499.78
1669248000000,14.38,15.02,13.79,14.59,77820.05
1669334400000,14.6,14.62,13.91,14.05,60281.28
1669420800000,14.05,14.99,13.99,14.19,54925.7
1669507200000,14.2,14.46,14.05,14.12,40003.81
1669593600000,14.11,14.17,12.8,13.31,48667.81
1669680000000,13.31,13.95,13.15,13.36,60023.22
1669766400000,13.36,14.5,13.2,14.17,81895.15
1669852800000,14.15,14.2,13.35,13.5,52556.46
1669939200000,13.49,13.85,13.2,13.72,77631.07
1670025600000,13.72,14.2,13.23,13.31,39340.09
1670112000000,13.31,14.2,13.29,13.71,20834.28
1670198400000,13.72,15.0,13.6,13.82,56623.45
1670284800000,13.82,14.38,13.82,14.3,41530.59
1670371200000,14.3,14.34,13.39,13.49,34528.07
1670457600000,13.49,13.78,13.27,13.69,61924.96
1670544000000,13.69,14.03,13.52,13.59,42379.69
1670630400000,13.6,13.74,13.55,13.58,17795.56
1670716800000,13.58,13.8,13.39,13.42,26710.77
1670803200000,13.41,14.0,12.8,13.31,44991.28
1670889600000,13.32,14.15,12.77,13.9,68872.06
1670976000000,13.9,14.98,13.82,14.13,61890.74
1671062400000,14.12,14.52,13.88,14.05,49497.25
1671148800000,14.05,14.17,12.01,12.25,177632.78
1671235200000,12.25,12.56,11.9,12.51,265218.35
1671321600000,12.51,12.61,12.27,12.38,163913.95
1671408000000,12.38,13.56,11.67,11.95,117131.64
1671494400000,11.95,12.49,11.84,12.27,54612.51
1671580800000,12.27,12.3,11.91,12.15,41883.38
1671667200000,12.15,12.19,11.69,11.83,45629.77
1671753600000,11.83,12.12,11.73,11.8,32412.39
1671840000000,11.8,11.81,11.04,11.46,82466.93
1671926400000,11.46,11.56,11.25,11.39,37913.72
1672012800000,11.39,11.51,11.07,11.33,33256.89
1672099200000,11.34,11.5,10.72,11.1,104284.67
1672185600000,11.1,11.13,9.38,9.77,197373.86
1672272000000,9.77,10.92,7.89,9.65,280731.7
1672358400000,9.64,10.31,9.01,9.91,231395.74
1672444800000,9.91,10.22,9.67,9.98,102581.42
1672531200000,9.98,10.09,9.7,10.0,73846.09
1672617600000,9.99,12.13,9.81,11.3,190838.17
1672704000000,11.3,13.82,11.02,13.39,344524.33
1672790400000,13.38,14.22,12.84,13.44,224798.06
1672876800000,13.44,13.85,12.96,13.45,141444.56
1672963200000,13.44,13.59,12.69,13.52,120307.26
1673049600000,13.51,13.51,13.0,13.1,143313.39
1673136000000,13.1,15.0,12.86,14.47,118595.2
1673222400000,14.47,17.58,14.29,16.27,272778.91
1673308800000,16.26,17.0,15.59,16.2,119132.75
1673395200000,16.19,16.6,15.28,16.38,94029.25
1673481600000,16.37,17.0,15.4,16.6,145443.87
1673568000000,16.6,18.62,16.31,18.3,159341.34
1673654400000,18.3,24.81,18.21,24.27,360210.88
1673740800000,24.28,25.1,22.01,22.92,169400.34
1673827200000,22.92,25.04,22.28,23.58,121841.78
1673913600000,23.59,24.0,22.68,22.86,66287.11
1674000000000,22.87,23.62,20.0,20.8,117313.36
1674086400000,20.81,21.86,20.42,21.42,58073.44
1674172800000,21.42,25.97,20.93,25.51,90700.17
1674259200000,25.51,26.65,24.3,24.56,147636.61
1674345600000,24.57,25.45,23.5,24.21,67546.57
1674432000000,24.2,24.93,23.71,24.34,53572.53
1674518400000,24.33,25.37,22.22,22.77,85070.21
1674604800000,22.77,25.42,22.25,24.53,112604.13
1674691200000,24.55,25.23,22.61,24.34,90308.79
1674777600000,24.34,24.98,23.3,24.44,74753.12
1674864000000,24.44,25.26,23.72,24.02,65828.18
1674950400000,24.01,26.81,23.74,26.08,89950.28
1675036800000,26.07,26.32,23.06,23.97,124395.44
1675123200000,23.96,24.46,23.5,23.93,80064.86
1675209600000,23.94,25.23,22.49,25.0,126477.56
1675296000000,25.01,26.15,24.0,24.32,117395.47
1675382400000,24.32,25.07,24.03,24.69,77088.29
1675468800000,24.69,24.94,24.19,24.32,41068.85
1675555200000,24.32,24.45,23.01,23.47,67223.17
1675641600000,23.47,23.72,22.5,22.65,32176.04
1675728000000,22.65,23.95,22.54,23.82,45771.85
1675814400000,23.82,24.23,22.8,23.23,31711.06
1675900800000,23.23,23.35,20.01,20.49,67389.59
1675987200000,20.48,21.18,19.69,20.11,64973.04
1676073600000,20.11,20.91,20.11,20.81,25536.52
1676160000000,20.82,22.53,20.63,21.49,65917.91
1676246400000,21.48,21.6,19.76,20.76,63413.02
1676332800000,20.77,22.36,20.67,21.85,107851.06
1676419200000,21.85,23.99,21.46,23.88,57887.14
1676505600000,23.89,24.16,22.21,22.26,59616.28
1676592000000,22.27,23.55,22.01,23.15,38440.1
1676678400000,23.17,23.92,22.94,23.46,30952.8
1676764800000,23.46,25.65,23.21,24.85,80759.58
1676851200000,24.85,27.12,24.12,26.27,102659.14
1676937600000,26.27,26.62,24.49,24.97,68458.22
1677024000000,24.97,25.24,23.22,24.15,62966.79
1677110400000,24.17,24.67,23.6,23.91,59924.07
1677196800000,23.93,24.12,22.45,23.07,53392.6
1677283200000,23.06,23.32,21.42,22.38,47411.15
1677369600000,22.37,23.52,22.22,23.27,32692.72
1677456000000,23.26,23.4,22.32,22.67,35142.25
1677542400000,22.68,22.75,21.76,21.88,22390.71
1677628800000,21.88,22.9,21.66,22.53,21179.76
1677715200000,22.52,22.66,21.67,22.0,22385.47
1677801600000,22.0,22.01,20.32,21.42,60605.76
1677888000000,21.41,21.62,20.21,21.0,27088.79
1677974400000,21.0,21.71,20.85,20.97,75315.06
1678060800000,20.97,21.18,20.47,20.62,23828.68
1678147200000,20.62,20.96,19.69,20.23,36527.5
1678233600000,20.25,20.4,18.1,18.41,77122.55
1678320000000,18.42,18.77,16.69,17.33,78324.88
1678406400000,17.33,18.34,16.01,18.17,147324.1
1678492800000,18.17,18.86,16.93,18.08,99988.58
1678579200000,18.08,20.55,17.72,20.16,48296.6
1678665600000,20.19,21.4,18.87,20.4,129397.15
1678752000000,20.42,22.13,19.76,20.87,127985.3
1678838400000,20.87,21.48,18.72,19.24,74919.43
1678924800000,19.24,19.89,18.88,19.68,45757.51
1679011200000,19.68,21.68,19.43,21.61,66507.05
1679097600000,21.6,22.96,21.06,21.21,77867.6
1679184000000,21.21,22.44,21.21,21.86,33078.13
1679270400000,21.87,23.9,21.36,22.12,66620.33
1679356800000,22.13,23.32,21.53,22.52,38153.72
1679443200000,22.52,23.08,20.96,21.4,51113.84
1679529600000,21.41,22.73,21.09,22.18,35718.0
1679616000000,22.18,22.27,20.28,20.65,50651.21
1679702400000,20.66,20.97,20.09,20.42,17224.12
1679788800000,20.4,21.13,20.29,20.95,18660.88
1679875200000,20.95,20.99,19.33,19.91,35157.75
1679961600000,19.91,20.87,19.61,20.45,40436.15
1680048000000,20.46,21.54,20.44,21.12,25230.27
1680134400000,21.11,21.67,20.16,20.56,47006.2
1680220800000,20.56,21.49,20.02,21.17,34777.57
1680307200000,21.17,21.34,20.75,21.09,17251.85
1680393600000,21.09,21.3,20.24,20.52,17004.0
1680480000000,20.52,20.99,19.97,20.45,35204.84
1680566400000,20.46,21.26,20.29,20.92,43823.19
1680652800000,20.92,21.34,20.58,20.98,38875.05
1680739200000,20.98,20.99,20.45,20.62,17892.27
1680825600000,20.62,20.78,20.23,20.46,16442.11
1680912000000,20.46,20.73,19.85,20.03,14711.59
1680998400000,20.04,20.44,19.88,20.29,12939.45
1681084800000,20.29,20.95,20.07,20.9,18782.6
1681171200000,20.9,23.69,20.83,22.99,86053.09
1681257600000,23.0,24.47,22.32,23.8,69664.94
1681344000000,23.81,25.28,23.64,24.43,58053.73
1681430400000,24.44,25.5,23.76,24.74,66775.46
1681516800000,24.73,24.8,23.81,24.07,28007.76
1681603200000,24.07,25.5,23.83,25.35,30320.83
1681689600000,25.36,26.01,24.32,24.57,73602.62
1681776000000,24.58,25.44,23.99,24.81,24271.43
1681862400000,24.83,24.97,21.84,22.66,68138.23
1681948800000,22.68,23.17,21.6,22.19,47038.59
1682035200000,22.2,22.4,20.94,21.27,45292.8
1682121600000,21.26,21.97,21.05,21.79,15115.22
1682208000000,21.8,22.25,20.94,21.47,22250.67
1682294400000,21.48,22.01,21.01,21.37,27865.18
1682380800000,21.38,21.97,20.74,21.93,25263.16
1682467200000,21.94,22.96,20.33,21.28,86936.65
1682553600000,21.28,22.5,21.18,22.34,37607.26
1682640000000,22.34,23.5,22.17,23.33,29576.68
1682726400000,23.35,23.9,22.92,23.19,21309.97
1682812800000,23.19,23.98,22.69,22.73,18556.85
1682899200000,22.73,22.88,21.56,21.95,29992.95
1682985600000,21.96,22.37,21.75,22.24,15405.11
1683072000000,22.26,22.29,21.24,22.22,28511.46
1683158400000,22.24,22.48,21.61,21.74,15816.09
1683244800000,21.74,23.05,21.56,22.82,33669.35
1683331200000,22.82,23.23,21.57,21.92,25233.27
1683417600000,21.92,22.76,21.65,21.66,20996.28
1683504000000,21.66,21.81,19.96,20.63,44919.2
1683590400000,20.63,21.0,20.41,20.65,14317.81
1683676800000,20.67,21.3,19.81,20.93,27874.18
1683763200000,20.93,20.94,19.71,20.19,28608.67
1683849600000,20.18,20.93,19.83,20.88,23541.37
1683936000000,20.92,21.29,20.78,20.82,8629.13
1684022400000,20.84,21.27,20.63,20.94,8402.88
1684108800000,20.94,21.51,20.61,20.98,20871.2
1684195200000,20.97,21.13,20.44,20.67,17171.86
1684281600000,20.68,21.21,20.44,21.05,19023.9
1684368000000,21.06,21.08,20.08,20.34,16392.95
1684454400000,20.35,20.58,20.22,20.35,5283.85
1684540800000,20.36,20.37,20.09,20.28,5744.62
1684627200000,20.28,20.39,19.34,19.62,8549.89
1684713600000,19.62,20.03,19.29,19.52,38487.3
1684800000000,19.52,20.17,19.42,20.02,16430.61
1684886400000,20.03,20.07,18.68,19.21,13659.83
1684972800000,19.21,19.59,18.78,19.26,9657.15
1685059200000,19.26,19.55,19.09,19.35,5514.73
1685145600000,19.36,20.54,19.34,20.42,12587.33
1685232000000,20.43,21.19,20.3,20.8,16786.11
1685318400000,20.82,20.99,20.27,20.58,11960.39
1685404800000,20.59,21.4,20.48,21.25,37576.89
1685491200000,21.25,21.32,20.39,20.83,19533.69
1685577600000,20.82,20.98,20.41,20.5,12738.99
1685664000000,20.5,21.37,20.3,21.26,19311.58
1685750400000,21.26,21.35,20.97,21.19,10424.81
1685836800000,21.21,22.3,21.04,21.82,25902.75
1685923200000,21.83,22.05,19.18,20.0,55656.82
1686009600000,20.0,20.69,19.26,20.39,52144.02
1686096000000,20.4,20.53,18.52,18.62,30280.29
1686182400000,18.64,19.11,18.24,18.89,28940.87
1686268800000,18.89,19.36,17.12,17.39,42106.17
1686355200000,17.4,17.4,12.71,15.61,242450.23
1686441600000,15.62,16.17,15.11,15.55,67359.55
1686528000000,15.55,15.69,14.75,15.18,39092.06
1686614400000,15.19,15.99,14.77,15.03,40420.53
1686700800000,15.03,15.35,14.07,14.49,37910.13
1686787200000,14.49,15.05,14.18,14.78,81009.6
1686873600000,14.78,15.46,14.39,15.31,34271.01
1686960000000,15.32,16.13,15.18,15.64,25238.01
1687046400000,15.65,15.83,15.27,15.44,10644.77
1687132800000,15.45,16.12,15.34,16.11,14677.31
1687219200000,16.11,16.68,15.73,16.64,25003.76
1687305600000,16.65,17.4,16.55,17.24,20544.47
1687392000000,17.24,17.74,16.58,16.63,21656.26
1687478400000,16.64,17.52,16.16,17.15,24524.75
1687564800000,17.15,17.52,16.38,16.64,12067.54
1687651200000,16.65,17.37,16.57,16.97,16722.69
1687737600000,16.97,17.11,15.91,16.27,23272.74
1687824000000,16.28,16.93,16.14,16.62,37188.63
1687910400000,16.64,16.64,15.59,15.97,47589.06
1687996800000,15.98,18.29,15.88,17.99,60406.88
1688083200000,18.0,20.02,17.02,18.88,81056.27
1688169600000,18.88,19.0,17.92,18.72,33786.24
1688256000000,18.7,19.73,18.54,19.45,48447.54
1688342400000,19.46,19.65,18.87,19.26,18778.94
1688428800000,19.26,19.93,19.08,19.14,26409.04
1688515200000,19.15,19.37,18.34,18.99,22215.39
1688601600000,18.99,20.97,18.83,19.61,79279.05
1688688000000,19.61,21.78,19.27,21.49,81354.68
1688774400000,21.5,22.46,21.33,21.82,55721.37
1688860800000,21.82,22.38,21.0,21.33,28487.94
1688947200000,21.32,21.78,20.49,21.3,41215.65
1689033600000,21.3,22.38,21.2,22.08,26359.54
1689120000000,22.07,22.84,21.78,21.94,34524.38
1689206400000,21.94,26.8,21.45,26.03,106539.01
1689292800000,26.04,32.55,25.24,26.67,183181.73
1689379200000,26.68,29.08,26.46,27.44,51882.92
1689465600000,27.46,28.64,26.47,27.41,59312.29
1689552000000,27.42,28.47,25.61,26.8,54141.8
1689638400000,26.8,27.08,24.78,25.56,46658.41
1689724800000,25.56,26.97,25.36,26.31,32167.89
1689811200000,26.32,27.37,25.04,25.39,34106.65
1689897600000,25.38,25.98,25.07,25.52,16855.55
1689984000000,25.52,25.97,24.02,24.51,17590.09
1690070400000,24.52,25.26,24.17,24.76,14994.61
1690156800000,24.77,24.83,22.88,23.36,34521.67
1690243200000,23.37,23.58,22.75,23.28,19041.77
1690329600000,23.28,25.68,23.18,25.18,36148.06
1690416000000,25.18,25.65,24.69,25.1,31156.02
1690502400000,25.1,25.53,24.55,24.82,20898.3
1690588800000,24.82,25.38,24.75,25.16,11299.1
1690675200000,25.17,25.2,23.52,24.25,23713.1
1690761600000,24.25,24.77,23.54,23.73,21746.8
1690848000000,23.74,24.06,22.82,24.06,35417.8
1690934400000,24.07,24.28,22.82,23.15,43315.66
1691020800000,23.15,23.38,22.45,22.63,18041.48
1691107200000,22.66,23.56,22.49,22.81,25561.9
1691193600000,22.81,22.93,22.21,22.66,20306.72
1691280000000,22.66,23.45,22.59,23.21,18675.75
1691366400000,23.21,23.67,22.34,23.13,16846.26
1691452800000,23.13,24.77,23.03,24.22,34122.21
1691539200000,24.22,24.98,24.12,24.38,28220.32
1691625600000,24.39,24.88,24.14,24.61,19714.26
1691712000000,24.64,24.92,24.36,24.63,15333.78
1691798400000,24.64,25.24,24.4,24.9,16384.19
1691884800000,24.92,24.95,24.22,24.23,13948.77
1691971200000,24.23,25.29,24.09,25.18,16532.97
1692057600000,25.2,25.4,23.75,23.9,37162.25
1692144000000,23.91,24.01,22.36,22.83,29865.43
1692230400000,22.82,23.43,19.57,21.67,56308.98
1692316800000,21.67,22.19,20.92,21.35,15374.3
1692403200000,21.36,22.17,21.31,21.9,12078.26
1692489600000,21.9,22.03,21.58,21.77,10811.06
1692576000000,21.78,21.78,20.33,21.19,21621.12
1692662400000,21.2,21.26,19.33,20.58,29461.5
1692748800000,20.58,21.8,20.37,21.73,24541.03
1692835200000,21.74,22.01,20.68,21.06,20335.2
1692921600000,21.05,21.06,20.11,20.41,14363.01
1693008000000,20.42,20.43,20.2,20.29,4214.69
1693094400000,20.29,20.92,20.26,20.79,10713.86
1693180800000,20.79,20.79,20.04,20.57,16827.6
1693267200000,20.57,22.05,20.13,21.79,36661.71
1693353600000,21.79,21.98,20.61,20.82,14035.65
1693440000000,20.83,21.06,19.45,19.73,19719.73
1693526400000,19.74,19.93,19.02,19.33,16335.17
1693612800000,19.33,19.69,19.13,19.5,8479.65
1693699200000,19.51,19.66,19.26,19.57,5057.57
1693785600000,19.58,20.02,19.16,19.52,12083.62
1693872000000,19.53,20.59,19.05,20.27,31405.13
1693958400000,20.28,20.38,19.15,19.64,21992.24
1694044800000,19.64,19.99,19.34,19.92,12276.27
1694131200000,19.93,20.28,19.37,19.61,10290.16
1694217600000,19.62,19.62,19.39,19.44,3987.74
1694304000000,19.44,19.44,17.8,18.24,35481.24
1694390400000,18.25,18.45,17.35,17.73,33956.82
1694476800000,17.73,18.78,17.57,17.92,30799.65
1694563200000,17.92,18.55,17.69,18.39,44740.34
1694649600000,18.4,19.32,18.39,18.85,26107.33
1694736000000,18.85,19.5,18.57,19.15,5788.41
1694822400000,19.15,19.45,18.88,19.12,5647.58
1694908800000,19.13,19.13,18.64,18.82,3378.78
1694995200000,18.82,20.15,18.62,19.64,16741.61
1695081600000,19.65,20.41,19.58,20.02,13770.28
1695168000000,20.03,20.52,19.81,20.29,7958.67
1695254400000,20.3,20.3,19.28,19.45,10458.47
1695340800000,19.44,19.77,19.17,19.43,5316.74
1695427200000,19.42,19.57,19.29,19.47,4744.31
1695513600000,19.49,19.67,19.19,19.36,3686.46
1695600000000,19.35,19.72,19.07,19.39,9607.93
1695686400000,19.4,19.52,18.85,19.02,5391.69
1695772800000,19.02,19.47,18.74,19.13,8113.19
1695859200000,19.13,19.98,19.1,19.96,10512.21
1695945600000,19.97,20.45,19.85,20.28,7669.42
1696032000000,20.28,21.78,20.09,21.37,14455.96
1696118400000,21.36,24.5,21.14,23.88,63973.84
1696204800000,23.87,24.75,22.93,23.35,33118.06
1696291200000,23.37,24.77,23.21,23.59,32973.18
1696377600000,23.59,23.83,22.62,23.13,19572.17
1696464000000,23.12,23.75,22.54,22.67,15442.17
1696550400000,22.68,23.75,22.68,23.4,14293.42
1696636800000,23.44,24.2,23.08,23.29,17996.14
1696723200000,23.28,23.62,23.07,23.23,10287.76
1696809600000,23.22,23.37,21.62,22.1,20713.82
1696896000000,22.08,22.48,21.7,22.1,5633.11
1696982400000,22.11,22.4,21.63,22.02,13447.82
1697068800000,22.01,22.04,20.96,21.3,10867.55
1697155200000,21.3,22.19,21.12,21.84,12301.18
1697241600000,21.85,22.29,21.81,21.99,9243.91
1697328000000,21.99,22.15,21.67,21.92,7303.91
1697414400000,21.93,24.83,21.9,23.95,46424.39
1697500800000,23.97,24.56,23.47,23.94,18857.48
1697587200000,23.94,24.41,23.37,23.41,14128.88
1697673600000,23.41,25.75,23.12,24.94,27693.87
1697760000000,24.93,27.52,24.72,27.02,46075.62
1697846400000,27.04,30.3,26.66,29.33,62536.54
1697932800000,29.33,29.99,28.11,29.03,25421.27
1698019200000,29.05,32.89,28.76,31.93,64841.75
1698105600000,31.91,32.63,29.53,30.15,55382.73
1698192000000,30.15,33.92,30.01,32.44,45986.66
1698278400000,32.43,33.25,30.74,32.76,24579.55
1698364800000,32.78,33.35,31.28,31.73,17803.78
1698451200000,31.71,32.5,31.37,31.62,7377.01
1698537600000,31.62,33.19,31.28,32.82,14834.81
1698624000000,32.82,35.34,32.32,34.93,32045.96
1698710400000,34.96,38.57,34.84,38.4,34163.65
1698796800000,38.4,47.0,37.85,41.14,136802.98
1698883200000,41.16,44.53,38.67,40.22,67559.98
1698969600000,40.22,40.23,38.0,39.47,33463.84
1699056000000,39.43,42.7,39.02,42.41,29880.13
1699142400000,42.41,42.86,40.11,41.16,18784.45
1699228800000,41.17,42.2,39.68,42.17,29417.8
1699315200000,42.18,44.78,40.12,42.95,42374.25
1699401600000,42.95,43.88,42.28,43.14,15100.78
1699488000000,43.14,48.87,41.71,45.34,53006.4
1699574400000,45.34,57.47,45.08,56.68,59691.22
1699660800000,56.79,64.03,53.6,56.4,64586.23
1699747200000,56.31,61.84,54.52,56.29,39964.21
1699833600000,56.25,59.81,51.56,51.64,58845.6
1699920000000,51.58,58.0,51.23,56.81,49599.83
1700006400000,56.8,67.1,56.15,65.46,69250.33
1700092800000,65.45,68.2,56.4,57.84,50628.53
1700179200000,57.83,60.52,54.16,58.52,44191.21
1700265600000,58.51,59.36,54.72,58.57,28063.29
1700352000000,58.52,62.12,56.67,61.1,51006.75
1700438400000,61.08,61.29,55.98,56.57,35798.84
1700524800000,56.56,57.38,51.22,51.85,36068.14
1700611200000,51.69,58.96,51.49,57.52,39541.43
1700697600000,57.63,59.63,56.15,56.49,28295.0
1700784000000,56.53,58.76,56.18,56.86,19673.92
1700870400000,56.84,59.8,55.7,58.82,17087.36
1700956800000,58.83,59.02,56.13,57.53,10778.27
1701043200000,57.56,58.05,53.44,55.04,12157.96
1701129600000,55.05,58.62,53.98,58.15,23360.17
1701216000000,58.22,61.75,57.76,59.32,37325.01
1701302400000,59.33,61.72,58.75,59.3,14406.56
1701388800000,59.29,61.88,58.65,59.75,15192.25
1701475200000,59.75,63.9,59.68,63.71,23394.49
1701561600000,63.69,65.5,62.26,62.98,20420.81
1701648000000,62.98,65.22,60.0,61.63,51407.77
1701734400000,61.61,62.57,59.13,60.96,26965.77
1701820800000,61.03,66.62,61.03,61.83,58135.27
1701907200000,61.85,69.36,61.63,67.76,91414.11
1701993600000,67.77,75.31,67.77,74.89,70548.0
1702080000000,75.16,77.77,71.53,72.3,49120.13
1702166400000,72.35,74.85,70.66,74.85,40284.02
1702252800000,74.89,74.96,63.25,70.3,84459.53
1702339200000,70.28,72.43,65.8,68.52,48151.32
1702425600000,68.53,72.55,63.71,70.61,45018.07
1702512000000,70.68,76.22,68.38,75.64,48179.08
1702598400000,75.75,79.48,72.13,72.52,43991.76
1702684800000,72.43,77.22,71.2,73.7,36357.03
1702771200000,73.74,75.06,70.54,70.88,31168.13
1702857600000,70.82,75.44,67.0,74.41,40672.52
1702944000000,74.43,76.36,71.85,73.05,32449.28
1703030400000,73.04,84.11,72.98,82.19,82446.72
1703116800000,82.35,95.61,81.07,93.83,90568.74
1703203200000,93.91,99.5,90.4,97.98,71458.04
1703289600000,97.92,110.12,92.84,107.86,60336.96
1703376000000,107.9,118.08,107.39,112.47,78468.7
1703462400000,112.47,126.54,107.94,120.78,68449.53
1703548800000,120.99,121.29,101.48,112.47,90521.49
1703635200000,112.54,115.33,104.71,106.79,49870.9
1703721600000,106.82,109.49,97.12,101.84,60918.68
1703808000000,101.86,109.92,99.52,106.21,43289.54
1703894400000,106.34,107.36,100.63,101.79,22942.5
1703980800000,101.86,105.19,99.61,101.6,19515.88
1704067200000,101.69,109.91,101.47,109.91,28376.3
1704153600000,109.91,116.96,106.08,106.66,48710.8
1704240000000,106.63,109.87,83.55,98.51,70268.52
1704326400000,98.51,108.06,96.67,104.89,39652.69
1704412800000,104.96,105.45,95.33,99.89,39296.42
1704499200000,99.93,100.26,91.53,93.76,26735.91
1704585600000,93.74,96.72,87.79,89.45,33981.26
1704672000000,89.39,99.91,85.2,97.9,65645.29
1704758400000,97.8,105.28,95.37,99.33,53556.77
1704844800000,99.37,105.44,92.2,101.99,46853.28
1704931200000,102.0,107.18,97.64,99.87,44100.3
1705017600000,99.89,100.44,86.47,92.1,28818.78
1705104000000,92.1,97.0,89.57,95.84,12945.92
1705190400000,95.82,102.83,93.7,93.91,28203.9
1705276800000,93.89,96.94,93.07,94.38,14079.52
1705363200000,94.42,98.73,94.18,97.61,20716.75
1705449600000,97.62,102.75,96.66,102.12,30512.12
1705536000000,102.21,103.5,91.47,94.38,26634.98
1705622400000,94.44,95.41,87.11,93.65,26460.08
1705708800000,93.57,94.24,90.27,92.86,15038.84
1705795200000,92.86,93.9,90.81,91.08,16198.23
1705881600000,91.0,91.86,82.18,83.83,58787.29
1705968000000,83.83,85.99,79.01,84.33,73999.4
1706054400000,84.31,89.4,83.3,88.77,69610.23
1706140800000,88.76,89.61,85.23,86.89,32838.47
1706227200000,86.85,93.72,86.05,92.25,48185.27
1706313600000,92.33,94.52,90.69,94.29,22744.46
1706400000000,94.23,99.41,93.31,95.99,32609.13
1706486400000,96.0,101.95,95.07,101.64,38044.5
1706572800000,101.66,106.4,101.0,101.36,31651.15
1706659200000,101.4,102.76,95.95,97.03,42568.52
1706745600000,96.96,98.08,93.15,97.79,35849.06
1706832000000,97.83,102.56,97.41,100.54,18518.72
1706918400000,100.58,101.22,96.65,97.95,8753.94
1707004800000,97.92,98.55,95.08,95.43,13493.5
1707091200000,95.49,98.67,94.15,95.65,14890.69
1707177600000,95.58,97.88,93.13,96.85,26014.74
1707264000000,96.85,101.58,94.65,101.13,21311.26
1707350400000,101.14,104.93,100.52,102.76,24050.24
1707436800000,102.81,109.14,102.81,106.95,38294.34
1707523200000,106.94,110.86,106.88,109.02,21146.71
1707609600000,109.01,110.64,107.26,107.47,13225.11
1707696000000,107.47,112.2,103.45,111.64,26052.93
1707782400000,111.64,115.15,108.3,112.48,37403.97
1707868800000,112.49,118.74,110.63,116.97,37290.07
1707955200000,117.0,118.37,111.55,113.5,21943.96
1708041600000,113.51,114.23,108.0,110.33,15962.61
1708128000000,110.3,111.04,105.63,108.95,17633.67
1708214400000,108.95,114.04,107.52,112.19,20787.33
1708300800000,112.23,114.82,110.81,111.47,18808.98
1708387200000,111.54,112.09,102.92,108.3,32747.5
1708473600000,108.31,108.37,100.21,105.03,26822.53
1708560000000,105.05,107.12,101.58,101.76,16661.26
1708646400000,101.7,103.12,98.71,99.93,10668.59
1708732800000,99.88,104.75,98.5,104.02,9394.55
1708819200000,104.05,104.42,102.07,103.51,9430.66
1708905600000,103.47,110.75,100.3,109.89,26164.05
1708992000000,109.89,112.29,105.3,108.4,38942.7
1709078400000,108.39,119.14,106.73,119.14,61600.35
1709164800000,119.02,134.59,117.17,125.64,107953.97
1709251200000,125.73,137.72,125.68,129.35,62159.46
1709337600000,129.43,131.66,127.25,130.06,42367.23
1709424000000,130.0,132.09,124.27,130.18,48476.79
1709510400000,130.2,134.91,127.35,133.28,63752.22
1709596800000,133.25,142.65,105.82,125.56,99318.65
1709683200000,125.33,134.92,120.07,130.77,39333.8
1709769600000,130.82,149.27,130.59,143.86,51358.16
1709856000000,143.93,152.62,141.92,144.69,44358.52
1709942400000,144.77,149.13,143.61,144.19,24231.95
1710028800000,144.26,148.5,140.49,144.38,32688.16
1710115200000,144.42,150.2,136.52,148.81,69945.99
1710201600000,148.84,154.98,141.65,151.04,74364.82
1710288000000,151.06,166.84,148.73,163.89,47838.14
1710374400000,163.87,178.4,159.24,176.61,79963.26
1710460800000,176.74,188.93,164.64,183.9,129350.45
1710547200000,183.98,197.87,176.89,182.11,105617.72
1710633600000,182.11,204.82,178.66,201.89,76842.38
1710720000000,201.82,210.18,194.0,195.87,95812.79
1710806400000,195.96,198.76,166.0,169.91,130341.32
1710892800000,169.86,193.22,162.54,191.77,88542.26
1710979200000,191.77,195.65,175.79,179.51,57128.34
1711065600000,179.4,181.97,167.64,175.08,56876.54
1711152000000,175.12,178.98,170.44,172.67,45104.04
1711238400000,172.65,186.66,171.31,183.77,42520.81
1711324800000,183.78,194.58,180.98,188.96,35865.45
1711411200000,188.98,196.53,186.28,190.47,42894.53
1711497600000,190.41,192.75,180.21,186.27,49496.28
1711584000000,186.1,190.96,180.9,189.65,39056.27
1711670400000,189.73,193.0,183.4,192.02,43118.19
1711756800000,192.02,200.0,190.77,194.24,26703.87
1711843200000,194.13,201.0,193.76,200.7,15072.0
1711929600000,201.73,204.42,186.94,192.26,29585.96
1712016000000,192.25,192.26,176.0,181.53,39179.79
1712102400000,181.54,191.87,177.01,185.07,46127.58
1712188800000,184.96,190.11,180.22,183.98,26879.8
1712275200000,184.07,185.12,168.04,174.37,41349.87
1712361600000,174.42,179.94,173.55,178.69,23648.12
1712448000000,178.69,182.65,176.92,179.56,23126.5
1712534400000,179.53,184.75,175.35,180.68,40614.63
1712620800000,180.65,180.91,169.12,172.43,37181.02
1712707200000,172.33,175.51,162.16,173.36,41644.68
1712793600000,173.33,176.24,170.07,172.47,31024.97
1712880000000,172.42,175.93,140.0,153.24,84845.36
1712966400000,153.17,154.91,114.01,138.45,103517.08
1713052800000,138.56,152.89,130.48,151.27,64533.43
1713139200000,151.22,156.0,133.63,138.53,62665.62
1713225600000,138.54,140.52,126.54,136.28,61532.01
1713312000000,136.18,142.64,126.89,131.87,76977.16
1713398400000,131.81,143.88,127.7,141.95,52847.78
1713484800000,142.1,147.49,128.49,142.49,70428.49
1713571200000,142.45,152.26,139.75,151.25,27332.72
1713657600000,151.18,153.45,146.82,148.8,25143.1
1713744000000,148.78,158.46,146.72,156.97,30124.46
1713830400000,156.99,160.0,153.04,154.73,31908.36
1713916800000,154.74,159.75,145.67,147.78,51762.48
1714003200000,147.77,149.59,142.1,144.88,45759.41
1714089600000,144.9,146.11,138.66,139.18,25931.38
1714176000000,139.26,143.08,132.62,141.33,30479.61
1714262400000,141.31,144.71,137.08,138.07,24584.73
1714348800000,137.94,138.87,133.36,137.76,42527.94
1714435200000,137.84,139.76,121.33,126.79,52037.34
1714521600000,126.78,135.93,118.69,134.74,72523.69
1714608000000,134.71,140.84,128.33,137.63,62684.72
1714694400000,137.6,145.0,135.93,143.67,40612.94
1714780800000,143.76,149.1,142.26,146.03,29126.36
1714867200000,146.09,148.0,143.28,145.75,25423.79
1714953600000,145.85,156.9,145.4,152.83,55962.94
1715040000000,152.84,159.17,147.85,148.04,38057.239
1715126400000,148.01,149.89,140.02,142.18,41959.186
1715212800000,142.12,153.36,140.6,152.55,36652.459
1715299200000,152.56,155.74,144.37,146.06,45968.952
1715385600000,146.03,147.66,143.12,145.4,15426.61
1715472000000,145.28,147.78,142.46,143.42,17888.112
1715558400000,143.64,150.82,137.9,147.57,40864.388
1715644800000,147.55,149.09,141.88,142.03,31662.489
1715731200000,142.04,158.79,141.11,158.59,39934.523
1715817600000,158.44,164.74,156.59,159.39,38096.216
1715904000000,159.42,172.4,159.37,169.47,39424.444
1715990400000,169.43,175.95,168.66,172.38,36074.778
1716076800000,172.41,175.45,166.1,169.89,20380.027
1716163200000,169.95,188.33,167.61,186.67,38806.405
1716249600000,186.69,188.96,174.36,178.14,31958.039
1716336000000,178.15,183.63,175.13,177.02,41077.509
1716422400000,177.0,181.11,165.31,176.21,51955.421
1716508800000,176.11,176.11,162.53,167.75,39514.058
1716595200000,167.7,170.48,165.87,168.36,20005.452
1716681600000,168.39,168.39,161.0,163.43,30204.038
1716768000000,163.44,172.28,163.35,170.15,33866.385
1716854400000,170.16,173.25,164.96,168.72,47443.501
1716940800000,168.77,173.98,167.17,168.33,43077.408
1717027200000,168.32,172.63,163.58,166.93,29677.839
1717113600000,166.93,171.05,163.87,165.69,25322.432
1717200000000,165.66,167.96,165.66,166.15,14239.346
1717286400000,166.1,167.1,161.39,163.15,27117.375
1717372800000,163.17,167.22,161.81,164.9,23447.693
1717459200000,164.9,171.88,164.33,171.78,16922.399
1717545600000,171.76,175.58,171.14,173.57,21264.819
1717632000000,173.56,174.39,167.53,170.23,15216.861
1717718400000,170.19,172.88,152.52,162.53,38359.422
1717804800000,162.55,163.81,157.41,157.83,17171.073
1717891200000,157.88,163.06,156.56,162.12,10124.598
1717977600000,162.12,163.19,157.49,159.06,19302.613
1718064000000,159.06,159.72,145.22,149.34,49648.602
1718150400000,149.37,161.78,145.49,155.23,36615.299
1718236800000,155.21,155.21,146.04,147.27,30048.07
1718323200000,147.34,148.98,139.64,143.05,32638.675
1718409600000,143.08,145.82,142.94,145.54,9717.365
1718496000000,145.53,151.38,143.1,151.3,11056.064
1718582400000,151.31,151.76,139.87,143.26,25359.76
1718668800000,143.27,143.75,127.36,137.41,76719.061
1718755200000,137.39,141.83,134.5,135.62,29694.304
1718841600000,135.61,141.26,131.9,133.56,27971.75
1718928000000,133.59,135.35,128.76,134.58,29267.777
1719014400000,134.63,136.71,132.89,133.67,9920.27
1719100800000,133.74,135.12,128.24,128.66,13170.181
1719187200000,128.67,132.63,121.87,132.36,53118.451
1719273600000,132.28,139.88,131.22,136.59,46095.141
1719360000000,136.6,140.39,134.85,136.8,13192.995
1719446400000,136.85,151.18,135.23,149.72,39235.082
1719532800000,149.71,150.79,139.0,140.05,28691.209
1719619200000,140.02,143.18,139.72,140.26,14039.318
1719705600000,140.26,147.58,137.16,146.66,25866.212
1719792000000,146.64,149.36,145.86,146.67,27641.213
1719878400000,146.71,154.98,146.16,153.93,40984.987
1719964800000,154.03,154.48,139.19,140.84,55853.571
1720051200000,140.81,142.76,127.2,127.82,69017.431
1720137600000,127.68,136.47,120.84,134.31,83763.986
1720224000000,134.3,144.28,132.35,143.04,39379.489
1720310400000,143.36,143.36,131.25,131.64,30994.714
1720396800000,131.65,141.99,127.82,139.79,70777.065
1720483200000,139.8,144.3,136.5,141.39,34055.409
1720569600000,141.37,146.26,138.59,142.02,32259.367
1720656000000,141.95,146.04,135.64,135.71,32324.711
1720742400000,135.74,140.55,133.91,139.51,28017.809
1720828800000,139.49,143.61,137.94,141.89,14877.73
1720915200000,141.98,148.53,141.98,147.68,27413.835
1721001600000,147.64,159.97,146.98,159.38,37109.369
1721088000000,159.55,162.5,152.6,160.63,36737.966
1721174400000,160.63,163.72,154.72,155.54,27166.303
1721260800000,155.55,161.55,155.22,159.21,23692.472
1721347200000,159.23,172.48,156.21,169.17,56403.61
1721433600000,169.16,175.44,167.27,173.61,28400.045
1721520000000,173.66,185.19,170.31,184.58,43825.672
1721606400000,184.54,185.03,176.77,178.88,35183.426
1721692800000,178.82,180.56,170.53,172.98,58580.604
1721779200000,172.99,182.59,171.0,178.0,57351.632
1721865600000,178.07,179.58,165.42,171.89,90728.045
1721952000000,171.87,184.03,171.69,183.06,37508.55
1722038400000,183.09,188.29,178.06,183.89,44507.765
1722124800000,183.92,186.64,181.2,184.9,23566.603
1722211200000,184.91,193.93,181.58,182.58,44229.06
1722297600000,182.6,184.82,175.37,179.13,39985.719
1722384000000,179.19,184.54,171.63,171.69,47773.956
1722470400000,171.66,172.89,157.89,167.39,88341.784
1722556800000,167.38,169.41,149.98,152.73,127583.172
1722643200000,152.68,154.07,139.86,142.47,106139.744
1722729600000,142.47,146.1,131.27,138.24,110410.969
1722816000000,138.24,139.38,109.77,129.8,372387.339
1722902400000,129.75,149.58,129.42,144.53,99160.338
1722988800000,144.35,154.99,142.3,144.72,80994.952
1723075200000,144.75,163.64,141.42,163.17,63038.522
1723161600000,163.16,163.5,150.78,156.29,32047.083
1723248000000,156.15,158.73,152.67,154.02,16335.379
1723334400000,154.05,157.99,141.17,141.5,23549.317
1723420800000,141.49,150.74,141.25,146.32,34652.542
1723507200000,146.31,149.88,142.93,146.63,31992.795
1723593600000,146.62,152.17,142.34,143.7,32911.937
1723680000000,143.71,147.62,137.75,142.57,40011.668
1723766400000,142.56,144.89,136.15,139.05,30703.837
1723852800000,139.03,141.98,137.64,141.91,14894.039
1723939200000,141.93,147.26,140.54,142.44,23295.622
1724025600000,142.3,146.15,140.36,144.33,23815.895
1724112000000,144.27,148.86,140.97,142.3,27614.866
1724198400000,142.27,144.34,138.89,142.78,20221.308
1724284800000,142.81,144.84,140.65,143.24,17328.16
1724371200000,143.23,154.11,142.71,153.25,24304.088
1724457600000,153.24,162.32,151.99,160.65,26917.237
1724544000000,160.65,161.94,155.27,158.94,16494.673
1724630400000,159.06,162.0,155.59,157.1,21296.688
1724716800000,157.05,159.69,145.06,146.8,24888.933
1724803200000,146.79,150.07,140.53,143.88,38559.528
1724889600000,143.94,147.32,138.07,140.02,26820.176
1724976000000,139.99,141.11,132.09,137.98,44790.352
1725062400000,137.99,139.23,134.52,135.33,8202.306
1725148800000,135.38,136.16,127.71,128.53,37206.417
1725235200000,128.49,135.42,126.9,134.94,44758.298
1725321600000,134.97,138.03,127.19,127.62,32101.199
1725408000000,127.57,135.04,122.62,133.62,50524.021
1725494400000,133.64,135.56,127.92,129.4,39024.145
1725580800000,129.37,134.29,120.1,125.03,117675.714
1725667200000,125.04,129.44,124.12,127.71,40856.148
1725753600000,127.74,131.71,126.6,130.18,51016.697
1725840000000,130.19,137.13,126.9,135.07,99132.912
1725926400000,135.08,138.01,132.49,135.65,70543.717
1726012800000,135.67,135.89,128.21,132.4,107215.102
1726099200000,132.4,136.83,132.4,136.06,96108.488
1726185600000,136.06,139.83,131.69,139.01,115088.462
1726272000000,139.02,139.8,135.61,137.14,54789.137
1726358400000,137.15,137.97,130.41,131.39,73377.669
1726444800000,131.38,132.38,128.95,131.48,114945.749
1726531200000,131.45,135.55,130.08,131.53,101697.031
1726617600000,131.52,134.46,127.13,134.34,153161.606
1726704000000,134.34,144.09,134.25,142.87,141145.048
1726790400000,142.86,152.48,141.16,146.68,131488.723
1726876800000,146.69,149.84,144.61,149.41,75891.139
1726963200000,149.43,149.92,141.08,144.63,100116.795
1727049600000,144.68,149.06,142.06,144.78,114062.013
1727136000000,144.8,154.0,143.06,152.72,193664.675
1727222400000,152.73,153.94,147.26,147.97,146694.366
1727308800000,147.96,158.08,146.57,155.53,192792.894
1727395200000,155.54,161.29,153.84,157.66,198873.915
1727481600000,157.66,159.43,155.0,156.76,73853.743
1727568000000,156.77,161.74,155.1,158.49,110034.009
1727654400000,158.49,159.76,151.76,152.53,148293.255
1727740800000,152.52,157.35,142.24,145.12,244632.321
1727827200000,144.91,148.93,138.58,140.18,323396.032
1727913600000,140.16,143.0,133.08,136.8,609938.254
1728000000000,136.78,144.57,135.94,143.21,166400.48
1728086400000,143.23,144.93,141.05,142.6,75617.229
1728172800000,142.6,146.78,141.98,146.49,79935.868
1728259200000,146.44,152.29,143.45,143.98,179811.967
1728345600000,143.98,145.63,141.14,143.5,141751.189
1728432000000,143.51,145.32,138.69,139.34,126739.903
1728518400000,139.34,140.86,135.51,139.07,114016.696
1728604800000,139.07,146.62,138.69,145.55,98374.88
1728691200000,145.54,147.3,144.71,146.41,54726.172
1728777600000,146.4,148.88,144.45,147.77,64439.354
1728864000000,147.77,158.11,146.8,157.6,141629.312
1728950400000,157.62,159.7,150.38,154.75,171850.803
1729036800000,154.75,158.39,153.01,154.23,122118.685
1729123200000,154.25,155.74,147.7,150.52,116527.213
1729209600000,150.49,156.69,149.6,154.95,79649.675
1729296000000,154.96,159.82,153.58,159.8,46376.841
1729382400000,159.82,167.96,157.6,167.45,102061.008
1729468800000,167.43,171.79,161.4,166.16,197325.357
1729555200000,166.17,171.0,163.03,167.62,134478.753
1729641600000,167.6,174.27,164.16,170.84,145893.377
1729728000000,170.85,179.29,170.47,177.21,130372.633
1729814400000,177.16,177.54,159.11,164.82,220101.64
1729900800000,164.81,173.27,162.48,170.89,119302.718
1729987200000,170.86,178.28,170.28,176.63,107911.596
1730073600000,176.63,179.77,172.45,178.28,157751.245
1730160000000,178.29,183.37,176.39,179.47,186998.78
1730246400000,179.44,181.34,173.08,174.92,111408.661
1730332800000,174.9,176.54,167.57,168.72,124155.415
1730419200000,168.66,174.02,163.41,166.09,143874.601
1730505600000,166.01,168.6,162.12,166.13,56906.877
1730592000000,166.16,166.62,157.88,162.54,125711.025
1730678400000,162.54,165.04,155.12,157.94,137694.701
1730764800000,157.93,169.3,156.89,166.63,168497.199
1730851200000,166.65,190.03,166.42,186.54,402914.02
1730937600000,186.54,197.89,185.77,196.33,188925.901
1731024000000,196.4,205.12,195.61,199.83,231705.17
1731110400000,199.86,203.39,194.92,199.87,139625.221
1731196800000,199.9,215.24,198.7,210.07,339969.345
1731283200000,210.07,224.05,204.13,222.19,347434.052
1731369600000,222.12,225.23,204.78,211.63,552579.346
1731456000000,211.64,220.41,200.75,215.12,475629.204
1731542400000,215.13,222.77,206.58,209.56,310893.645
1731628800000,209.57,220.54,204.46,218.46,245468.304
1731715200000,218.45,221.94,213.44,215.77,190061.527
1731801600000,215.79,242.19,212.1,237.49,352096.695
1731888000000,237.42,248.57,233.99,239.82,297502.634
1731974400000,239.82,247.53,233.44,237.63,210759.797
1732060800000,237.58,242.52,230.48,235.48,219697.061
1732147200000,235.51,259.77,229.64,256.38,319119.462
1732233600000,256.4,264.37,251.49,256.93,218903.497
1732320000000,256.92,264.05,252.71,254.85,175970.625
1732406400000,254.87,259.81,240.84,252.73,151865.109
1732492800000,252.85,256.67,231.11,234.19,226639.557
1732579200000,234.18,239.74,221.75,230.72,275323.061
1732665600000,230.72,243.31,227.51,241.95,208887.873
1732752000000,241.93,245.29,232.86,237.61,141235.712
1732838400000,237.65,246.8,236.51,243.3,133002.879
1732924800000,243.3,245.35,237.49,237.6,96554.007
1733011200000,237.58,239.88,234.12,236.82,98472.31
1733097600000,236.91,238.2,220.0,225.7,224312.786
1733184000000,225.74,239.61,214.97,233.9,235103.416
1733270400000,233.94,240.96,224.68,229.14,172865.323
1733356800000,229.17,244.9,222.87,235.78,255362.784
1733443200000,235.83,246.94,230.92,236.8,203551.589
1733529600000,236.9,243.61,234.09,238.1,103538.109
1733616000000,238.12,241.55,233.19,237.05,80117.319
1733702400000,237.05,237.3,201.0,216.69,235426.397
1733788800000,216.66,220.97,203.21,213.61,354717.224
1733875200000,213.61,230.66,211.43,227.36,190812.15
1733961600000,227.3,234.7,225.67,226.96,176233.812
1734048000000,226.91,228.4,219.75,224.76,120324.925
1734134400000,224.74,227.5,215.14,219.88,67760.886
1734220800000,219.92,225.5,215.7,224.23,77077.498
1734307200000,224.32,227.46,213.24,216.19,139852.376
1734393600000,216.19,228.97,211.34,223.13,163294.279
1734480000000,223.24,226.02,204.72,206.6,220874.747
1734566400000,206.57,212.12,187.0,193.83,227104.353
1734652800000,193.86,199.74,175.22,194.45,427536.105
1734739200000,194.47,202.07,178.42,181.44,225567.394
1734825600000,181.5,187.88,176.88,180.5,165428.239
1734912000000,180.51,193.52,176.46,190.16,238140.491
1734998400000,190.15,199.04,186.11,197.09,145735.146
1735084800000,197.09,201.85,195.01,197.42,124588.716
1735171200000,197.52,199.69,186.64,188.42,114618.032
1735257600000,188.44,194.41,182.69,184.23,137604.759
1735344000000,184.21,196.08,183.8,195.5,99218.91
1735430400000,195.52,197.68,188.56,189.93,90625.424
1735516800000,189.93,196.44,185.91,191.39,196996.887
1735603200000,191.39,199.22,188.02,189.3,143378.638
1735689600000,189.28,195.29,187.93,194.29,98385.794
1735776000000,194.28,210.45,193.41,208.33,138813.553
1735862400000,208.32,219.78,205.64,218.03,117644.299
1735948800000,218.01,218.16,213.5,216.68,64071.719
1736035200000,216.68,219.03,211.48,213.44,65404.559
1736121600000,213.47,223.21,211.58,218.22,93145.931
1736208000000,218.27,219.1,201.76,202.12,128186.246
1736294400000,202.16,203.29,188.33,197.44,168830.063
1736380800000,197.44,199.05,182.01,184.95,132972.04
1736467200000,185.1,193.07,183.53,187.68,145088.267
1736553600000,187.67,191.94,184.11,188.05,72490.648
1736640000000,188.06,191.02,185.16,188.5,51392.387
1736726400000,188.52,191.96,168.49,182.85,268701.699
1736812800000,182.89,190.18,181.88,187.55,147890.641
1736899200000,187.57,206.04,185.85,205.86,154960.692
1736985600000,205.86,217.13,198.49,211.14,214620.086
1737072000000,211.16,222.16,209.86,219.5,184859.681
1737158400000,219.55,270.71,217.27,261.97,590108.755
1737244800000,262.04,295.64,237.56,252.5,790373.491
1737331200000,252.45,273.3,229.75,242.14,512701.263
1737417600000,242.2,260.14,230.24,250.33,481674.269
1737504000000,250.33,272.0,248.43,257.42,301105.358
1737590400000,257.38,258.48,242.2,253.12,346474.016
1737676800000,253.1,270.21,247.29,253.37,245292.829
1737763200000,253.34,260.75,246.27,256.37,120808.236
1737849600000,256.38,260.04,240.27,240.52,117328.44
1737936000000,240.41,242.58,220.86,234.89,391278.54
1738022400000,234.93,243.94,225.05,227.08,223852.896
1738108800000,227.04,238.51,222.59,228.15,265832.479
1738195200000,228.18,244.73,226.85,238.28,167484.91
1738281600000,238.28,241.83,228.26,231.78,134448.123
1738368000000,231.73,234.13,212.65,213.03,138577.486
1738454400000,212.96,218.81,192.08,203.5,458726.583
1738540800000,203.53,218.68,175.15,216.3,752315.311
1738627200000,216.29,219.99,201.93,206.66,414589.08
1738713600000,206.71,209.38,195.15,196.1,212242.048
1738800000000,196.14,203.97,187.39,189.55,220519.307
1738886400000,189.57,203.46,188.08,192.08,227934.402
1738972800000,192.02,200.86,189.79,199.36,118873.272
1739059200000,199.35,207.36,193.5,200.43,147347.791
1739145600000,200.47,209.09,195.88,200.46,179515.709
1739232000000,200.43,206.2,195.02,198.06,123810.625
1739318400000,197.91,198.56,188.54,196.65,140466.922
1739404800000,196.81,198.47,188.97,194.25,52562.405
1739491200000,194.25,205.39,194.1,199.48,72150.818
1739577600000,199.32,200.32,192.66,194.48,30628.392
1739664000000,194.55,196.2,186.21,188.55,47456.846
1739750400000,188.24,189.72,174.64,177.58,185512.816
1739836800000,177.41,179.06,160.87,169.34,428868.004
1739923200000,169.31,174.33,163.77,169.04,152581.441
1740009600000,168.95,176.62,167.65,176.04,70576.565
1740096000000,176.02,180.59,167.14,168.95,234948.135
1740182400000,168.94,174.72,168.07,172.08,139718.058
1740268800000,172.07,173.08,166.44,167.92,96943.745
1740355200000,167.97,169.68,137.59,141.8,510930.922
1740441600000,141.79,147.14,131.94,144.36,794922.06
1740528000000,144.35,145.2,130.61,135.31,445322.88
1740614400000,135.35,142.88,134.7,137.7,342152.789
1740700800000,137.69,148.68,125.55,148.18,494871.21
1740787200000,148.21,151.16,138.57,143.66,192836.772
1740873600000,143.67,180.0,140.04,178.71,527747.883
1740960000000,178.73,179.5,139.23,142.13,479468.529
1741046400000,142.15,146.91,130.65,144.82,653289.358
1741132800000,144.77,149.74,140.19,146.3,409588.797
1741219200000,146.28,152.94,142.43,143.32,335031.539
1741305600000,143.3,150.84,135.05,139.39,476990.147
1741392000000,139.39,141.07,135.28,137.0,128815.635
1741478400000,136.99,139.87,125.42,126.51,256817.134
1741564800000,126.53,131.56,115.48,118.32,276463.72
1741651200000,118.34,128.42,111.96,125.34,267518.03
1741737600000,125.37,131.34,121.21,126.64,245938.159
1741824000000,126.61,128.69,120.76,123.37,179079.792
1741910400000,123.42,136.1,122.97,133.58,144904.723
1741996800000,133.62,136.51,132.43,135.86,70362.415
1742083200000,135.87,136.73,125.17,126.13,180268.222
1742169600000,126.1,130.64,125.55,128.05,190670.059
1742256000000,128.03,128.19,121.74,125.38,141721.832
1742342400000,125.31,136.08,124.2,135.33,242732.361
1742428800000,135.34,136.11,126.62,127.58,145854.565
1742515200000,127.59,130.18,124.84,128.48,171165.751
1742601600000,128.45,131.84,127.81,128.49,103796.875
1742688000000,128.47,134.04,128.21,132.83,107311.199
1742774400000,132.84,144.98,132.04,141.05,292806.81
1742860800000,141.02,147.51,138.16,143.65,302074.596
1742947200000,143.65,145.48,135.89,137.31,202334.153
1743033600000,137.41,140.21,135.65,138.41,169843.412
1743120000000,138.46,139.07,127.7,129.49,238260.94
1743206400000,129.5,130.5,122.69,124.57,240618.782
1743292800000,124.58,127.09,122.99,124.82,170013.66
1743379200000,124.82,127.82,122.74,124.57,222793.854
1743465600000,124.48,130.49,123.74,126.68,209784.585
1743552000000,126.69,136.23,117.23,117.43,466814.762
1743638400000,117.47,120.95,112.27,117.15,445637.653
1743724800000,117.19,124.02,113.28,122.84,377308.595
1743811200000,122.81,122.85,117.14,120.34,88153.213
1743897600000,120.31,121.14,103.87,105.92,298028.399
1743984000000,105.92,113.01,95.22,107.01,903234.915
1744070400000,106.98,112.59,102.95,105.42,414698.791
1744156800000,105.49,120.74,101.29,119.06,587778.512
1744243200000,119.04,119.3,108.33,112.81,246263.903
1744329600000,112.78,122.68,112.17,121.42,278801.228
1744416000000,121.41,134.14,119.41,132.27,292769.496
1744502400000,132.24,133.99,125.28,128.35,278023.407
1744588800000,128.37,136.09,127.95,129.39,294548.227
1744675200000,129.43,134.44,125.84,126.08,191698.731
1744761600000,126.1,133.88,123.49,131.32,245822.037
1744848000000,131.3,136.2,129.49,134.87,198246.574
1744934400000,134.82,136.01,133.27,134.86,53339.924
